Name,Games Played,MIN,PTS,FG%,3P%,FT%,REB,AST,STL,BLK,TOV,PF,EFF,AST/TOV,STL/TOV,Age,Birth_Place,College,Experience,Height,Pos,Team,Playoffs,Weight
AJ Price,26,324,133,37.2,26.3,66.7,32,46,7,0,14,15,110,3.29,0.5,29,us,University of Connecticut,5,185,PG,PHO,0,81.45
Aaron Brooks,82,1885,954,42.1,38.7,83.3,166,261,54,15,157,189,791,1.66,0.34,30,us,University of Oregon,6,180,PG,CHI,1,72.45
Aaron Gordon,47,797,243,44.7,27.1,72.1,169,33,21,22,38,83,318,0.87,0.55,20,us,University of Arizona,0,202.5,PF,ORL,0,99
Adreian Payne,32,740,213,41.4,11.1,65.2,162,30,19,9,44,88,244,0.68,0.43,24,us,Michigan State University,0,205,PF,ATL,1,106.65
Al Horford,76,2318,1156,53.8,30.6,75.9,544,244,68,98,100,121,1530,2.44,0.68,29,do,University of Florida,7,205,C,ATL,1,110.25
Al Jefferson,65,1992,1082,48.1,40,65.5,548,113,47,84,68,139,1225,1.66,0.69,30,us,NULL,10,205,C,CHA,0,130.05
Alan Anderson,74,1744,545,44.3,34.8,81.2,204,83,56,5,60,148,569,1.38,0.93,33,us,Michigan State University,5,195,SG,NJN,1,99
Alec Burks,27,899,374,40.3,38.2,82.2,114,82,17,5,52,64,338,1.58,0.33,24,us,University of Colorado,3,195,SG,UTA,0,96.3
Alex Kirk,5,14,4,25,0,100,1,1,0,0,0,1,3,0,0,24,us,University of New Mexico,0,210,C,CLE,1,110.25
Alex Len,69,1518,432,50.7,33.3,70.2,454,32,34,105,74,213,778,0.43,0.46,22,ua,University of Maryland,1,212.5,C,PHO,0,117
Alexey Shved,42,767,434,39.7,33.8,80.7,99,106,30,6,48,48,396,2.21,0.63,27,ru,NULL,2,195,SG,NYK,0,85.5
Alexis Ajinca,68,957,443,55,0,81.8,315,47,21,51,69,151,642,0.68,0.3,27,fr,NULL,4,215,C,NOH,1,111.6
Al-Farouq Aminu,74,1366,412,41.2,27.4,71.2,342,59,70,62,55,137,646,1.07,1.27,25,us,Wake Forest University,4,202.5,SF,DAL,1,99
Allen Crabbe,51,683,168,41.2,35.3,75,73,39,19,15,15,74,205,2.6,1.27,23,us,University of California,1,195,SG,POR,1,94.5
Alonzo Gee,54,661,241,46.8,37.1,70.1,94,25,35,7,33,58,247,0.76,1.06,28,us,University of Alabama,5,195,SF,POR,1,101.25
Amar'e Stoudemire,59,1244,680,55.7,0,72,329,45,29,38,78,161,774,0.58,0.37,0,NULL,NULL,0,0,NULL,NULL,0,0
Amir Johnson,75,1979,694,57.4,41.3,61.2,456,117,44,59,110,225,989,1.06,0.4,28,us,NULL,9,202.5,PF,TOR,1,108
Anderson Varejao,26,636,255,55.5,0,73.3,170,35,19,16,35,58,359,1,0.54,0,NULL,NULL,0,0,NULL,NULL,0,0
Andre Dawkins,4,22,3,16.7,16.7,0,2,1,0,0,1,3,0,1,0,24,us,Duke University,0,192.5,SG,MIA,0,96.75
Andre Drummond,82,2502,1130,51.4,0,38.9,1104,55,73,153,120,285,1705,0.46,0.61,22,us,University of Connecticut,2,207.5,C,DET,0,125.55
Andre Iguodala,77,2069,604,46.6,34.9,59.6,257,228,89,25,88,100,804,2.59,1.01,31,us,University of Arizona,10,195,SF,GSW,1,96.75
Andre Miller,81,1253,355,50,20.6,75.3,153,284,32,6,104,103,562,2.73,0.31,39,us,University of Utah,15,187.5,PG,WAS,1,90
Andre Roberson,67,1286,228,45.8,24.7,47.9,255,70,53,29,46,141,455,1.52,1.15,24,us,University of Colorado,1,197.5,SG,OKC,0,94.5
Andrea Bargnani,29,785,430,45.4,36.6,81.3,127,46,2,27,42,53,373,1.1,0.05,30,it,NULL,8,210,C,NYK,0,110.25
Andrei Kirilenko,7,36,3,0,0,75,8,1,1,0,1,1,6,1,1,34,ru,NULL,12,202.5,SF,NJN,1,99
Andrew Bogut,67,1583,422,56.3,0,52.4,543,180,39,113,106,188,1016,1.7,0.37,31,au,University of Utah,9,210,C,GSW,1,117
Andrew Nicholson,40,492,194,43.7,31.7,60,82,22,6,12,24,51,175,0.92,0.25,26,ca,St. Bonaventure University,2,202.5,PF,ORL,0,112.5
Andrew Wiggins,82,2969,1387,43.7,31,76,374,170,86,50,177,190,1138,0.96,0.49,0,NULL,NULL,0,0,NULL,NULL,0,0
Anthony Bennett,57,894,298,42.1,30.4,64.1,216,48,27,16,36,87,374,1.33,0.75,22,ca,"University of Nevada, Las Vegas",1,200,PF,MIN,0,110.25
Anthony Davis,68,2455,1656,53.5,8.3,80.5,696,149,100,200,95,141,2059,1.57,1.05,22,us,University of Kentucky,2,205,PF,NOH,1,113.85
Anthony Morrow,74,1806,790,46.3,43.4,88.8,195,60,54,11,38,135,732,1.58,1.42,30,us,Georgia Institute of Technology,6,192.5,SG,OKC,0,94.5
Anthony Tolliver,76,1433,482,41,36.6,78.3,236,59,24,16,51,137,519,1.16,0.47,0,NULL,NULL,0,0,NULL,NULL,0,0
Archie Goodwin,41,535,231,39.3,29.3,73.5,74,44,18,9,48,55,184,0.92,0.38,21,us,University of Kentucky,1,192.5,SG,PHO,0,90
Arinze Onuaku,6,68,27,85.7,0,37.5,21,4,1,3,2,6,47,2,0.5,28,us,Syracuse University,1,202.5,C,MIN,0,114.75
Aron Baynes,70,1122,461,56.6,25,86.5,318,35,16,22,65,162,631,0.54,0.25,29,nz,Washington State University,2,205,C,SAS,1,117
Arron Afflalo,78,2502,1035,42.4,35.4,84.3,247,129,41,7,116,167,803,1.11,0.35,30,us,"University of California, Los Angeles",7,192.5,SG,POR,1,94.5
Austin Daye,34,344,129,35.5,33.8,83.3,75,17,12,5,23,39,123,0.74,0.52,27,us,Gonzaga University,5,207.5,SF,SAS,1,99
Austin Rivers,76,1563,530,40.9,29.8,67.5,152,155,48,14,65,146,500,2.39,0.74,23,us,Duke University,2,190,SG,NOH,1,90
Avery Bradley,77,2428,1071,42.8,35.2,79,241,135,82,15,109,177,835,1.24,0.75,25,us,University of Texas at Austin,4,185,SG,BOS,1,81
Ben Gordon,56,790,349,43.7,36.1,83.6,63,50,14,1,55,60,245,0.91,0.26,32,gb,University of Connecticut,10,187.5,SG,ORL,0,90
Ben McLemore,82,2670,996,43.7,35.8,81.3,241,140,77,19,138,219,837,1.01,0.56,22,us,University of Kansas,1,192.5,SG,SAC,0,87.75
Beno Udrih,79,1494,605,48.7,26.8,85.3,143,220,46,8,89,88,659,2.47,0.52,0,NULL,NULL,0,0,NULL,NULL,0,0
Bernard James,16,158,44,44.4,0,87,39,4,2,15,6,17,80,0.67,0.33,30,us,Florida State University,2,205,C,DAL,1,108
Bismack Biyombo,64,1243,304,54.3,0,58.3,407,16,18,99,52,140,634,0.31,0.35,23,cd,NULL,3,202.5,C,CHA,0,114.75
Blake Griffin,67,2356,1469,50.2,40,72.8,508,354,63,35,152,196,1591,2.33,0.41,26,us,University of Oklahoma,4,205,PF,LAC,1,112.95
Bojan Bogdanovic,78,1854,700,45.3,35.5,82.1,213,68,34,9,78,104,612,0.87,0.44,26,ba,NULL,0,200,SF,NJN,1,97.2
Boris Diaw,81,1984,708,46,32,77.4,348,233,36,23,126,148,860,1.85,0.29,33,fr,NULL,11,200,PF,SAS,1,112.5
Bradley Beal,63,2107,962,42.7,40.9,78.3,241,194,76,18,123,136,844,1.58,0.62,22,us,University of Florida,2,192.5,SG,WAS,1,93.15
Brandan Wright,75,1449,544,64.2,0,69.6,321,41,50,94,34,102,852,1.21,1.47,0,NULL,NULL,0,0,NULL,NULL,0,0
Brandon Bass,82,1929,866,50.4,28.1,79,398,104,41,32,83,140,974,1.25,0.49,30,us,Louisiana State University,9,200,PF,BOS,1,112.5
Brandon Davies,27,423,142,40.1,23.5,64.9,83,30,18,7,29,59,156,1.03,0.62,24,us,Brigham Young University,1,205,PF,PHI,0,108
Brandon Jennings,41,1173,632,40.1,36,83.9,104,272,44,4,90,64,618,3.02,0.49,26,us,NULL,5,182.5,PG,DET,0,76.5
Brandon Knight,63,2035,1070,42.2,38.9,87.4,244,330,90,10,189,114,1014,1.75,0.48,24,us,University of Kentucky,3,187.5,SG,PHO,0,85.05
Brandon Rush,33,271,30,20.4,11.1,45.5,41,12,5,12,11,27,40,1.09,0.46,30,us,University of Kansas,6,195,SG,GSW,1,99
Brendan Haywood,22,119,35,46.7,0,53.8,29,2,2,10,10,17,46,0.2,0.2,36,us,University of North Carolina,12,210,C,CLE,1,120.6
Brian Roberts,72,1330,480,38.9,32.1,89.2,109,162,33,6,57,75,449,2.84,0.58,30,us,University of Dayton,2,182.5,PG,CHA,0,77.85
Brook Lopez,72,2100,1236,51.3,10,81.4,535,50,43,126,104,206,1354,0.48,0.41,27,us,Stanford University,6,210,C,NJN,1,123.75
Bruno Caboclo,8,23,10,33.3,66.7,0,2,0,0,1,4,3,1,0,0,20,br,NULL,0,202.5,SF,TOR,1,98.1
Bryce Cotton,15,159,80,42,35,83.3,18,15,4,0,12,6,62,1.25,0.33,23,us,Providence College,0,182.5,PG,UTA,0,74.25
C.J. Watson,57,1422,570,43.4,40,82.6,163,208,57,9,100,107,642,2.08,0.57,31,us,University of Tennessee,7,185,PG,IND,0,78.75
Cameron Bairstow,18,64,10,21.4,0,80,8,1,2,1,3,8,7,0.33,0.67,25,au,University of New Mexico,0,202.5,PF,CHI,1,112.5
Carl Landry,70,1192,503,51.5,0,82,268,26,15,17,54,132,569,0.48,0.28,32,us,Purdue University,7,202.5,PF,SAC,0,111.6
Carlos Boozer,71,1692,836,49.9,0,62.7,482,95,41,12,92,184,946,1.03,0.45,34,de,Duke University,12,202.5,PF,LAL,0,116.1
Carmelo Anthony,40,1428,966,44.4,34.1,79.7,264,122,40,17,89,87,824,1.37,0.45,31,us,Syracuse University,11,200,SF,NYK,0,108
Caron Butler,78,1623,460,40.7,37.9,90.2,196,79,43,4,49,120,492,1.61,0.88,35,us,University of Connecticut,12,197.5,SF,DET,0,102.6
Cartier Martin,23,198,36,28.3,18.2,0,20,11,3,1,5,20,28,2.2,0.6,31,us,Kansas State University,6,197.5,SF,DET,0,99
Chandler Parsons,66,2186,1037,46.2,38,72,323,161,69,19,96,140,1013,1.68,0.72,27,us,University of Florida,3,205,SF,DAL,1,103.5
Channing Frye,75,1870,549,39.2,39.3,88.6,293,94,47,39,78,191,644,1.21,0.6,32,us,University of Arizona,8,207.5,PF,ORL,0,114.75
Charlie Villanueva,64,678,403,41.4,37.6,57.1,149,19,15,22,28,64,353,0.68,0.54,0,NULL,NULL,0,0,NULL,NULL,0,0
Chase Budinger,67,1286,457,43.3,36.4,82.7,198,64,44,10,49,72,489,1.31,0.9,27,us,University of Arizona,5,197.5,SF,MIN,0,94.05
Chris Andersen,60,1132,320,58,30.8,66.7,299,43,26,61,40,88,584,1.08,0.65,37,us,Blinn College,12,205,C,MIA,0,110.25
Chris Bosh,44,1556,928,46,37.5,77.2,310,95,41,25,95,69,849,1,0.43,31,us,Georgia Institute of Technology,11,207.5,C,MIA,0,105.75
Chris Copeland,50,828,309,36.1,31.1,73.3,111,51,11,11,59,78,224,0.86,0.19,31,us,University of Colorado,2,202.5,SF,IND,0,107.55
Chris Douglas-Roberts,12,103,19,23.8,14.3,100,12,4,1,0,0,14,20,0,0,28,us,University of Memphis,5,197.5,SG,LAC,1,90
Chris Johnson,29,527,166,40.3,29.5,87.5,55,15,26,7,15,44,160,1,1.73,25,us,University of Dayton,2,195,SF,PHI,0,92.7
Chris Kaman,74,1398,638,51.5,0,70.6,484,65,18,54,108,140,855,0.6,0.17,33,us,Central Michigan University,11,210,C,POR,1,119.25
Chris Paul,82,2857,1564,48.5,39.8,90,376,838,156,15,190,203,2125,4.41,0.82,30,us,Wake Forest University,9,180,PG,LAC,1,78.75
Chuck Hayes,29,255,50,47.8,0,54.5,51,20,10,4,8,37,98,2.5,1.25,32,us,University of Kentucky,9,195,C,TOR,1,108
CJ McCollum,62,973,424,43.6,39.6,69.9,91,64,43,8,48,81,354,1.33,0.9,24,us,Lehigh University,1,190,SG,POR,1,90
CJ Miles,70,1841,942,39.8,34.5,80.7,214,75,60,26,73,132,715,1.03,0.82,28,us,NULL,9,195,SG,IND,0,101.25
CJ Wilcox,21,101,41,42.1,36.8,100,7,8,3,1,10,7,28,0.8,0.3,0,NULL,NULL,0,0,NULL,NULL,0,0
Cleanthony Early,39,647,210,35.5,26.2,75,97,36,24,12,40,57,189,0.9,0.6,24,us,Wichita State University,0,200,SF,NYK,0,94.5
Clint Capela,12,90,32,48.3,0,17.4,36,2,1,9,5,14,41,0.4,0.2,21,ch,NULL,0,205,C,HOU,1,108
Cody Zeller,62,1487,472,46.1,100,77.4,362,100,34,49,62,156,717,1.61,0.55,0,NULL,NULL,0,0,NULL,NULL,0,0
Cole Aldrich,61,976,338,47.8,0,78.1,338,75,37,65,59,122,623,1.27,0.63,27,us,University of Kansas,4,207.5,C,NYK,0,112.5
Corey Brewer,80,2087,917,42.6,26.8,74.3,297,173,114,19,131,173,869,1.32,0.87,29,us,University of Florida,7,202.5,SF,MIN,0,83.7
Cory Jefferson,50,531,183,44.9,13.3,57.4,145,16,10,21,20,61,240,0.8,0.5,25,us,Baylor University,0,202.5,PF,NJN,1,98.1
Cory Joseph,79,1444,535,50.4,36.4,73.4,192,188,46,17,67,105,669,2.81,0.69,24,ca,University of Texas at Austin,3,187.5,PG,SAS,1,86.85
Courtney Lee,77,2354,777,44.8,40.2,86,178,151,75,12,78,129,742,1.94,0.96,30,us,Western Kentucky University,6,192.5,SG,MEM,1,90
D.J. Augustin,82,1964,777,39.9,33.7,86.8,161,353,49,3,145,93,782,2.43,0.34,28,us,University of Texas at Austin,6,180,PG,OKC,0,82.35
Dahntay Jones,33,123,21,28.6,0,81.8,11,2,3,0,1,23,19,2,3,35,us,Duke University,10,195,SF,LAC,1,101.25
Damian Lillard,82,2925,1720,43.4,34.3,86.4,378,507,97,21,222,164,1677,2.28,0.44,25,us,Weber State University,2,187.5,PG,POR,1,87.75
Damjan Rudez,68,1047,323,45.2,40.6,69.6,47,53,16,5,47,79,246,1.13,0.34,29,hr,NULL,0,205,SF,IND,0,102.6
Danilo Gallinari,59,1426,734,40.1,35.5,89.5,218,83,47,20,57,94,685,1.46,0.83,27,it,NULL,5,205,SF,DEN,0,101.25
Danny Granger,30,613,188,40.1,35.7,75.7,80,17,13,6,24,67,174,0.71,0.54,32,us,University of New Mexico,9,202.5,SF,MIA,0,99.9
Danny Green,81,2312,946,43.6,41.8,87.4,343,158,101,87,93,163,1110,1.7,1.09,28,us,University of North Carolina,5,195,SG,SAS,1,96.75
Dante Cunningham,66,1652,340,45.7,10,61.7,256,50,46,37,35,101,492,1.43,1.31,28,us,Villanova University,5,200,PF,NOH,1,103.5
Dante Exum,82,1817,393,34.9,31.4,62.5,131,198,41,14,118,147,376,1.68,0.35,20,au,NULL,0,195,PG,UTA,0,85.5
Darius Miller,5,43,2,14.3,0,0,1,2,1,0,1,8,-1,2,1,25,us,University of Kentucky,2,200,SF,NOH,1,105.75
Darius Morris,38,299,83,34,21.2,44.4,27,48,9,0,21,20,71,2.29,0.43,24,us,University of Michigan,3,190,PG,NJN,1,85.5
Darrell Arthur,58,988,382,40.4,23.6,78,171,57,48,26,47,146,395,1.21,1.02,27,us,University of Kansas,5,202.5,PF,DEN,0,105.75
Darren Collison,45,1565,725,47.3,37.3,78.8,143,252,67,14,112,95,760,2.25,0.6,28,us,"University of California, Los Angeles",5,180,PG,SAC,0,78.75
David Lee,49,904,388,51.1,0,65.4,257,85,31,26,49,83,549,1.74,0.63,32,us,University of Florida,9,202.5,PF,GSW,1,110.25
David Stockton,3,33,8,33.3,50,50,2,9,2,0,4,1,10,2.25,0.5,24,us,Gonzaga University,0,177.5,PG,SAC,0,74.25
David Wear,2,7,0,0,0,0,2,1,0,0,0,1,1,0,0,0,NULL,NULL,0,0,NULL,NULL,0,0
David West,66,1895,769,47.1,20,73.9,449,223,48,48,120,160,1012,1.86,0.4,35,us,Xavier University,11,202.5,PF,IND,0,112.5
DeAndre Jordan,82,2820,946,71,25,39.7,1226,61,81,183,109,245,1949,0.56,0.74,27,us,Texas A&M University,6,207.5,C,LAC,1,119.25
DeJuan Blair,29,180,56,45.6,0,66.7,56,3,7,1,13,41,77,0.23,0.54,26,us,University of Pittsburgh,5,197.5,PF,WAS,1,121.5
DeMar DeRozan,60,2100,1204,41.3,28.4,83.2,277,210,73,11,137,122,984,1.53,0.53,26,us,University of Southern California,5,197.5,SG,TOR,1,99.45
DeMarcus Cousins,59,2013,1421,46.7,25,78.2,747,210,90,103,254,241,1631,0.83,0.35,25,us,University of Kentucky,4,207.5,C,SAC,0,121.5
DeMarre Carroll,70,2189,883,48.7,39.5,70.2,372,118,94,17,75,154,1020,1.57,1.25,29,us,University of Missouri,5,200,SF,ATL,1,96.75
Dennis Schroder,77,1516,768,42.7,35.1,82.7,164,317,49,4,150,127,740,2.11,0.33,22,de,NULL,1,182.5,PG,ATL,1,77.4
Deron Williams,68,2114,884,38.7,36.7,83.4,237,448,64,17,154,157,983,2.91,0.42,0,NULL,NULL,0,0,NULL,NULL,0,0
Derrick Favors,74,2280,1187,52.5,16.7,66.9,607,112,60,123,121,210,1422,0.93,0.5,24,us,Georgia Institute of Technology,4,205,PF,UTA,0,119.25
Derrick Rose,51,1530,904,40.5,28,81.3,161,251,36,16,161,63,675,1.56,0.22,27,us,University of Memphis,5,187.5,PG,CHI,1,85.5
Derrick Williams,74,1462,617,44.7,31.4,68.4,202,50,34,4,56,67,521,0.89,0.61,0,NULL,NULL,0,0,NULL,NULL,0,0
Devin Harris,76,1685,665,41.8,35.7,81.5,135,237,78,14,85,147,709,2.79,0.92,32,us,University of Wisconsin,10,187.5,PG,DAL,1,86.4
Devyn Marble,16,208,37,31.8,18.2,31.3,31,17,9,2,9,14,46,1.89,1,23,us,University of Iowa,0,195,SG,ORL,0,90
Dewayne Dedmon,59,845,216,56.2,0,53.1,295,9,16,50,51,141,434,0.18,0.31,26,us,University of Southern California,1,210,C,ORL,0,110.25
Dion Waiters,80,2208,940,39.6,29.7,68,192,163,90,21,113,155,667,1.44,0.8,0,NULL,NULL,0,0,NULL,NULL,0,0
Dirk Nowitzki,77,2282,1333,45.9,38,88.2,457,143,39,33,82,160,1314,1.74,0.48,37,de,NULL,16,210,PF,DAL,1,110.25
Donald Sloan,53,1107,391,40.8,31.3,77.9,143,190,23,0,65,47,455,2.92,0.35,27,us,Texas A&M University,3,187.5,PG,IND,0,92.25
Donatas Motiejunas,71,2037,855,50.4,36.8,60.2,421,130,56,34,123,203,960,1.06,0.46,25,lt,NULL,2,210,PF,HOU,1,99.9
Dorell Wright,48,593,219,37.9,38,81,111,41,20,11,18,55,258,2.28,1.11,0,NULL,NULL,0,0,NULL,NULL,0,0
Doug McDermott,36,321,109,40.2,31.7,66.7,43,6,4,1,17,29,77,0.35,0.24,23,us,Creighton University,0,200,SF,CHI,1,101.25
Draymond Green,79,2490,921,44.3,33.7,66,647,291,123,99,133,253,1454,2.19,0.93,25,us,Michigan State University,2,197.5,PF,GSW,1,103.5
Drew Gooden,51,864,277,39.9,39,77.3,223,49,21,9,28,91,375,1.75,0.75,34,us,University of Kansas,12,205,PF,WAS,1,112.5
Drew Gordon,9,71,17,42.1,0,50,18,2,1,0,8,7,18,0.25,0.13,25,us,University of New Mexico,0,202.5,PF,PHI,0,110.25
Dwight Buycks,6,123,52,45,63.6,90,12,14,3,0,12,3,46,1.17,0.25,26,us,Marquette University,1,187.5,PG,LAL,0,85.5
Dwight Howard,41,1223,646,59.3,50,52.8,431,50,28,53,115,137,793,0.44,0.24,30,us,NULL,10,207.5,C,HOU,1,119.25
Dwight Powell,29,236,90,46.3,27.3,75.8,50,9,9,6,11,40,109,0.82,0.82,24,ca,Stanford University,0,207.5,PF,DAL,1,108
Dwyane Wade,62,1971,1331,47,28.4,76.8,219,299,73,21,209,105,1073,1.43,0.35,0,NULL,NULL,0,0,NULL,NULL,0,0
Earl Barron,16,143,32,30.8,50,50,28,5,4,2,5,26,33,1,0.8,34,us,University of Memphis,7,210,C,PHO,0,112.5
Earl Clark,10,93,27,36.7,28.6,25,23,3,3,4,6,12,32,0.5,0.5,27,us,University of Louisville,5,205,PF,NJN,1,101.25
Ed Davis,79,1840,656,60.1,0,48.7,600,94,49,98,58,202,1155,1.62,0.85,26,us,University of North Carolina,4,205,PF,LAL,0,108
Ekpe Udoh,33,128,29,45.8,0,77.8,26,8,8,7,7,20,56,1.14,1.14,0,NULL,NULL,0,0,NULL,NULL,0,0
Elfrid Payton,82,2489,731,42.5,26.2,55.1,349,533,142,20,203,193,1069,2.63,0.7,21,us,University of Louisiana at Lafayette,0,190,PG,ORL,0,83.25
Elijah Millsap,47,924,248,34,31.1,67.4,150,58,56,16,67,124,276,0.87,0.84,0,NULL,NULL,0,0,NULL,NULL,0,0
Elliot Williams,13,119,37,37.8,44.4,25,8,12,4,0,4,12,31,3,1,0,NULL,NULL,0,0,NULL,NULL,0,0
Elton Brand,36,486,96,44.2,0,52.2,100,22,17,25,18,54,178,1.22,0.94,36,us,Duke University,15,200,C,ATL,1,123.75
Enes Kanter,75,2136,1163,51.9,35.6,78.2,671,55,36,29,145,189,1312,0.38,0.25,23,ch,NULL,3,207.5,C,OKC,0,110.25
Eric Bledsoe,81,2800,1377,44.7,32.4,80,423,493,127,45,274,189,1525,1.8,0.46,26,us,University of Kentucky,4,182.5,PG,PHO,0,85.5
Eric Gordon,61,2018,818,41.1,44.8,80.5,159,229,50,14,122,145,713,1.88,0.41,27,us,Indiana University,6,190,SG,NOH,1,96.75
Erick Green,43,410,146,37.7,29.8,83.3,31,39,12,0,14,26,111,2.79,0.86,24,us,Virginia Polytechnic Institute and State University,0,190,PG,DEN,0,83.25
Ersan Ilyasova,58,1319,669,47.2,38.9,64.5,277,56,36,19,45,149,680,1.24,0.8,28,tr,NULL,6,205,PF,MIL,1,105.75
E'Twaun Moore,56,504,149,44.6,34.2,60,46,33,20,6,14,45,155,2.36,1.43,26,us,Purdue University,3,190,SG,CHI,1,85.95
Evan Fournier,58,1661,698,44,37.8,72.8,153,120,40,2,82,116,569,1.46,0.49,23,fr,NULL,2,197.5,SG,ORL,0,92.25
Evan Turner,82,2260,779,42.9,27.7,75.2,417,449,83,19,198,180,1088,2.27,0.42,26,ng,Vanderbilt University,1,207.5,C,GSW,1,114.75
Festus Ezeli,46,504,201,54.7,0,62.8,155,9,7,42,32,77,290,0.28,0.22,0,NULL,NULL,0,0,NULL,NULL,0,0
Francisco Garcia,14,200,45,27,22.2,25,17,15,9,5,10,20,32,1.5,0.9,34,do,University of Louisville,9,197.5,SF,HOU,1,87.75
Furkan Aldemir,41,540,93,51.3,0,48.1,176,28,17,16,17,96,261,1.65,1,24,tr,NULL,0,205,PF,PHI,0,108
Gal Mekel,4,43,6,15,0,0,1,13,2,0,2,1,3,6.5,1,27,il,Wichita State University,1,187.5,PG,NOH,1,85.95
Garrett Temple,52,736,204,40,37.5,72.9,90,56,42,9,34,76,252,1.65,1.24,29,us,Louisiana State University,4,195,SG,WAS,1,87.75
Gary Harris,55,719,188,30.4,20.4,74.5,64,29,39,7,38,71,126,0.76,1.03,21,us,Michigan State University,0,190,SG,DEN,0,94.5
Gary Neal,54,1192,543,37.4,30.5,86.7,129,100,23,1,65,88,398,1.54,0.35,31,us,Towson University,4,190,SG,MIN,0,94.5
George Hill,43,1267,692,47.7,35.8,79,179,220,44,14,69,111,770,3.19,0.64,29,us,Indiana University-Purdue University Indianapolis,6,187.5,PG,IND,0,84.6
Gerald Green,74,1446,884,41.6,35.4,82.5,186,91,42,12,104,145,636,0.88,0.4,29,us,NULL,7,197.5,SG,PHO,0,92.25
Gerald Henderson,80,2315,969,43.7,33.1,84.8,273,206,51,22,110,135,901,1.87,0.46,28,us,Duke University,5,192.5,SG,CHA,0,96.75
Gerald Wallace,32,286,35,41.2,33.3,40,57,11,15,4,18,19,75,0.61,0.83,0,NULL,NULL,0,0,NULL,NULL,0,0
Giannis Antetokounmpo,81,2541,1030,49.1,15.9,74.1,542,207,73,85,173,254,1277,1.2,0.42,21,gr,NULL,1,207.5,SG,MIL,1,99.9
Gigi Datome,21,209,105,48.3,45,100,29,9,2,7,9,15,97,1,0.22,0,NULL,NULL,0,0,NULL,NULL,0,0
Glen Davis,74,904,294,45.9,0,63.2,169,39,41,21,39,132,352,1,1.05,29,us,Louisiana State University,7,202.5,PF,LAC,1,130.05
Glen Rice,5,43,11,20,14.3,66.7,4,2,0,0,2,11,1,1,0,24,us,Georgia Institute of Technology,1,195,SG,WAS,1,92.7
Glenn Robinson III,35,261,73,38.8,26.3,66.7,39,11,6,1,11,15,70,1,0.55,0,NULL,NULL,0,0,NULL,NULL,0,0
Goran Dragic,78,2640,1275,50.1,34.7,77.4,274,350,78,15,173,195,1266,2.02,0.45,29,si,NULL,6,187.5,SG,PHO,0,85.5
Gordon Hayward,76,2618,1463,44.5,36.4,81.2,373,313,108,30,206,131,1391,1.52,0.52,25,us,Butler University,4,200,SF,UTA,0,101.7
Gorgui Dieng,73,2193,710,50.6,16.7,78.3,609,146,71,126,126,188,1230,1.16,0.56,25,sn,University of Louisville,1,207.5,C,MIN,0,108.45
Grant Jerrett,8,51,16,26.9,6.7,100,9,3,2,2,3,11,10,1,0.67,22,us,University of Arizona,0,205,PF,UTA,0,105.75
Greg Monroe,69,2137,1098,49.6,0,75,704,142,78,34,149,148,1393,0.95,0.52,25,us,Georgetown University,4,207.5,PF,DET,0,119.25
Greg Smith,42,363,80,61.2,0,51.3,79,9,7,11,11,53,137,0.82,0.64,24,us,"California State University, Fresno",3,205,PF,DAL,1,112.5
Greg Stiemsma,17,66,14,75,0,50,15,3,2,0,7,15,23,0.43,0.29,30,us,University of Wisconsin,3,207.5,C,TOR,1,117
Greivis Vasquez,82,1991,775,40.8,37.9,75.8,216,302,46,10,119,177,785,2.54,0.39,28,ve,University of Maryland,4,195,PG,TOR,1,97.65
Harrison Barnes,82,2318,827,48.2,40.5,72,453,116,61,19,71,146,1023,1.63,0.86,23,us,University of North Carolina,2,200,SF,GSW,1,94.5
Hassan Whiteside,48,1142,564,62.8,0,50,482,6,27,123,58,129,922,0.1,0.47,0,NULL,NULL,0,0,NULL,NULL,0,0
Hedo Turkoglu,62,705,232,44.1,43.2,54.5,99,37,19,7,29,66,255,1.28,0.66,0,NULL,NULL,0,0,NULL,NULL,0,0
Henry Sims,73,1399,586,47.4,18.2,77.4,359,79,39,30,99,135,699,0.8,0.39,0,NULL,NULL,0,0,NULL,NULL,0,0
Henry Walker,24,628,175,34.5,34.1,77.8,82,29,24,9,24,76,181,1.21,1,0,NULL,NULL,0,0,NULL,NULL,0,0
Hollis Thompson,71,1776,626,41.3,40.1,70.8,198,85,57,26,66,141,581,1.29,0.86,0,NULL,NULL,0,0,NULL,NULL,0,0
Ian Clark,30,192,57,34.5,33.3,100,16,12,9,3,9,20,52,1.33,1,24,us,Belmont University,1,187.5,SG,UTA,0,78.75
Ian Mahinmi,61,1146,265,55.2,0,30.4,356,33,30,46,59,172,505,0.56,0.51,29,fr,NULL,6,207.5,C,IND,0,112.5
Iman Shumpert,62,1545,496,41,34.2,67.2,224,135,81,16,91,138,562,1.48,0.89,25,us,Georgia Institute of Technology,3,192.5,SG,NYK,0,99
Isaiah Canaan,47,938,432,38.6,37,81.7,87,98,29,3,62,83,344,1.58,0.47,24,us,Murray State University,1,180,PG,PHI,0,90.45
Isaiah Thomas,67,1726,1101,42.1,37.3,86.8,153,284,57,5,143,150,950,1.99,0.4,26,us,University of Washington,3,172.5,PG,BOS,1,83.25
Ish Smith,55,831,338,39,30,59.6,100,180,36,6,78,50,335,2.31,0.46,0,NULL,NULL,0,0,NULL,NULL,0,0
J.J. Barea,77,1362,580,42,32.3,80.9,134,263,33,1,70,104,612,3.76,0.47,31,pr,Northeastern University,8,180,PG,DAL,1,83.25
Jabari Brown,19,568,227,41.2,37.1,75.3,36,40,12,2,32,33,164,1.25,0.38,23,us,University of Missouri,0,190,SG,LAL,0,96.75
Jabari Parker,25,738,308,49,25,69.7,138,42,31,5,47,42,323,0.89,0.66,0,NULL,NULL,0,0,NULL,NULL,0,0
Jack Cooley,16,87,27,40.9,0,42.9,25,1,6,3,3,23,34,0.33,2,24,us,University of Notre Dame,0,202.5,PF,UTA,0,117
Jae Crowder,82,1647,628,42,29.3,77.3,293,94,72,25,49,137,715,1.92,1.47,25,us,Marquette University,2,195,SF,DAL,1,105.75
JaKarr Sampson,74,1131,386,42.2,24.4,67,163,77,38,26,76,135,383,1.01,0.5,0,NULL,NULL,0,0,NULL,NULL,0,0
Jamaal Franklin,3,13,3,50,50,0,2,3,0,1,3,4,5,1,0,24,us,San Diego State University,1,192.5,SG,DEN,0,85.95
Jamal Crawford,64,1703,1010,39.6,32.7,90.1,124,158,59,14,92,108,741,1.72,0.64,35,us,University of Michigan,14,192.5,SG,LAC,1,90
Jameer Nelson,63,1406,523,40.7,34.5,66.7,146,253,47,6,109,136,555,2.32,0.43,33,us,Saint Joseph's University,10,180,PG,DAL,1,85.5
James Ennis III,62,1051,312,40.9,32.6,84,176,48,25,17,39,89,378,1.23,0.64,25,us,"California State University, Long Beach",0,197.5,SF,MIA,0,94.5
James Harden,81,2981,2217,44,37.5,86.8,459,565,154,60,321,208,2202,1.76,0.48,26,us,Arizona State University,5,192.5,SG,HOU,1,99
James Johnson,70,1370,554,58.9,21.6,65.7,257,95,54,70,79,155,750,1.2,0.68,28,us,Wake Forest University,5,202.5,PF,TOR,1,112.5
James Jones,57,669,250,36.8,36,84.8,62,24,13,8,13,67,210,1.85,1,35,us,University of Miami,11,200,SF,CLE,1,98.1
James Michael McAdoo,15,137,62,54.5,0,56,37,2,5,9,6,21,78,0.33,0.83,22,us,University of North Carolina,0,202.5,PF,GSW,1,103.5
James Young,31,332,105,35.3,25.8,55.2,42,13,8,2,5,22,86,2.6,1.6,0,NULL,NULL,0,0,NULL,NULL,0,0
JaMychal Green,24,164,62,57.4,0,80,45,4,5,5,14,25,85,0.29,0.36,25,us,University of Alabama,0,202.5,PF,SAS,1,102.15
Jannero Pargo,9,73,41,42.9,40.9,100,3,8,0,0,3,8,29,2.67,0,36,us,University of Arkansas,10,182.5,PG,CHA,0,78.75
Jared Cunningham,19,89,35,36.4,30.8,53.8,9,10,3,0,7,12,23,1.43,0.43,24,us,Oregon State University,2,190,SG,LAC,1,87.75
Jared Dudley,72,1717,518,46.8,38.5,71.6,220,130,72,11,62,113,645,2.1,1.16,30,us,Boston College,7,197.5,SG,MIL,1,101.25
Jared Sullinger,58,1566,770,43.9,28.3,74.4,441,134,44,42,78,153,923,1.72,0.56,23,us,Ohio State University,2,202.5,PF,BOS,1,117
Jarnell Stokes,19,126,57,56.8,0,53.6,34,4,5,5,7,25,69,0.57,0.71,0,NULL,NULL,0,0,NULL,NULL,0,0
Jarrett Jack,80,2241,957,43.9,26.7,88.1,245,373,75,13,191,143,987,1.95,0.39,32,us,Georgia Institute of Technology,9,187.5,PG,NJN,1,90
Jason Maxiell,61,878,203,42.2,0,57.7,203,19,18,44,29,96,317,0.66,0.62,32,us,University of Cincinnati,9,197.5,PF,CHA,0,117
Jason Richardson,19,416,172,34.8,32.3,77.3,66,38,13,3,16,28,155,2.38,0.81,34,us,Michigan State University,12,195,SG,PHI,0,99
Jason Smith,82,1785,656,43.4,35.7,83,324,140,32,44,104,205,731,1.35,0.31,0,NULL,NULL,0,0,NULL,NULL,0,0
Jason Terry,77,1641,541,42.2,39,81.3,121,147,66,19,74,116,553,1.99,0.89,0,NULL,NULL,0,0,NULL,NULL,0,0
Jason Thompson,81,1991,491,47,0,62.2,530,85,33,57,84,239,831,1.01,0.39,0,NULL,NULL,0,0,NULL,NULL,0,0
JaVale McGee,23,256,106,53.2,0,66.7,61,3,2,20,18,30,126,0.17,0.11,27,us,"University of Nevada, Reno",6,210,C,PHI,0,121.5
Jeff Adrien,17,215,60,43.2,0,57.9,77,15,4,9,9,30,115,1.67,0.44,29,us,University of Connecticut,4,197.5,PF,MIN,0,110.25
Jeff Ayres,51,383,137,57.9,0,75,117,14,8,8,26,60,209,0.54,0.31,28,us,Arizona State University,4,202.5,PF,SAS,1,108
Jeff Green,78,2455,1168,43,33.2,83.3,328,134,53,34,108,147,1010,1.24,0.49,29,us,Georgetown University,6,202.5,SF,MEM,1,105.75
Jeff Teague,73,2228,1162,46,34.3,86.2,184,513,125,31,205,139,1287,2.5,0.61,27,us,Wake Forest University,5,185,PG,ATL,1,83.7
Jeff Withey,37,259,98,50,0,68,64,11,4,18,12,26,135,0.92,0.33,0,NULL,NULL,0,0,NULL,NULL,0,0
Jeffery Taylor,29,430,127,39.5,30.6,63.4,53,22,12,1,19,36,112,1.16,0.63,26,se,Vanderbilt University,2,197.5,SF,CHA,0,101.25
Jerami Grant,65,1377,411,35.2,31.4,59.1,198,79,40,68,85,144,404,0.93,0.47,21,us,Syracuse University,0,200,SF,PHI,0,94.5
Jerel McNeal,6,36,9,27.3,50,100,3,2,3,1,5,5,5,0.4,0.6,28,us,Marquette University,0,187.5,PG,PHO,0,90
Jeremy Evans,38,266,90,55.2,40,82.8,71,13,11,12,5,29,161,2.6,2.2,28,us,Western Kentucky University,4,202.5,SF,UTA,0,90
Jeremy Lamb,47,633,295,41.6,34.2,89.1,107,44,21,6,27,52,294,1.63,0.78,23,us,University of Connecticut,2,192.5,SG,OKC,0,83.25
Jeremy Lin,74,1907,832,42.4,36.9,79.5,196,339,82,32,166,189,883,2.04,0.49,27,us,Harvard University,4,187.5,PG,LAL,0,90
Jerome Jordan,44,383,138,53.2,0,86.4,105,13,8,15,22,58,207,0.59,0.36,29,jm,University of Tulsa,1,210,C,NJN,1,113.85
Jerrelle Benimon,2,3,0,0,0,0,3,0,0,0,1,0,2,0,0,24,us,Towson University,0,200,PF,UTA,0,110.25
Jerryd Bayless,77,1717,598,42.6,30.8,88.3,211,233,59,12,133,163,668,1.75,0.44,27,us,University of Arizona,6,187.5,PG,MIL,1,90
Jimmer Fredette,50,509,178,38,18.8,95.6,40,58,15,2,33,43,155,1.76,0.46,26,us,Brigham Young University,3,185,PG,NOH,1,87.75
Jimmy Butler,65,2513,1301,46.2,37.8,83.4,379,212,114,36,93,108,1381,2.28,1.23,26,us,Marquette University,3,197.5,SG,CHI,1,99
JJ Hickson,73,1411,552,47.5,0,57.7,452,57,36,35,96,136,710,0.59,0.38,27,us,North Carolina State University,6,202.5,C,DEN,0,108.9
JJ Redick,78,2409,1277,47.7,43.7,90.1,167,137,39,8,95,134,1022,1.44,0.41,31,us,Duke University,8,190,SG,LAC,1,85.5
Joakim Noah,67,2049,485,44.5,0,60.3,646,312,48,74,123,203,1136,2.54,0.39,30,us,University of Florida,7,207.5,C,CHI,1,103.5
Jodie Meeks,60,1462,663,41.6,34.9,90.6,104,79,59,6,57,76,527,1.39,1.04,28,us,University of Kentucky,5,190,SG,DET,0,94.5
Joe Harris,51,493,136,40,36.9,60,41,26,7,2,27,62,107,0.96,0.26,24,us,University of Virginia,0,195,SG,CLE,1,98.55
Joe Ingles,79,1673,396,41.5,35.6,75,175,182,72,10,98,124,520,1.86,0.74,28,au,NULL,0,200,SF,UTA,0,101.7
Joe Johnson,80,2791,1154,43.5,35.9,80.1,384,292,59,14,137,120,1152,2.13,0.43,34,us,University of Arkansas,13,197.5,SG,NJN,1,108
Joel Anthony,49,406,87,58.1,0,68.2,93,5,12,49,12,55,201,0.42,1,33,ca,"University of Nevada, Las Vegas",7,202.5,C,DET,0,110.25
Joel Freeland,48,617,169,49,0,84,191,16,9,23,23,93,304,0.7,0.39,28,gb,NULL,2,205,C,POR,1,112.5
Joey Dorsey,69,854,184,55.2,0,28.9,279,25,40,25,41,157,388,0.61,0.98,32,us,University of Memphis,3,200,PF,HOU,1,120.6
Joffrey Lauvergne,24,268,93,40.4,18.8,64.3,77,13,8,10,22,43,116,0.59,0.36,24,fr,NULL,0,207.5,C,DEN,0,99
John Henson,67,1228,470,56.6,0,56.9,312,59,28,135,87,152,708,0.68,0.32,25,us,University of North Carolina,2,207.5,C,MIL,1,103.05
John Jenkins,24,297,135,49.5,40.4,84.2,39,13,10,0,8,15,136,1.63,1.25,24,us,Vanderbilt University,2,190,SG,ATL,1,96.75
John Lucas III,21,272,98,40.4,31,100,16,60,8,0,16,18,104,3.75,0.5,33,us,Oklahoma State University,6,177.5,PG,DET,0,74.7
John Salmons,21,270,42,33.3,30.8,50,21,13,9,4,5,25,50,2.6,1.8,0,NULL,NULL,0,0,NULL,NULL,0,0
John Wall,79,2837,1387,44.5,30,78.5,366,792,138,45,304,180,1699,2.61,0.45,0,NULL,NULL,0,0,NULL,NULL,0,0
Johnny O'Bryant III,34,368,100,36.7,0,44.4,64,17,5,4,25,44,74,0.68,0.2,22,us,Louisiana State University,0,202.5,PF,MIL,1,115.65
Jon Leuer,63,824,286,44.3,24.1,62.7,207,46,17,9,35,86,356,1.31,0.49,26,us,University of Wisconsin,3,205,PF,MEM,1,102.6
Jonas Jerebko,75,1230,448,44.6,38.6,84.8,282,71,46,18,44,135,601,1.61,1.05,28,se,NULL,4,205,PF,DET,0,103.95
Jonas Valanciunas,80,2096,963,57.2,0,78.6,693,39,33,95,109,222,1376,0.36,0.3,23,lt,NULL,2,210,C,TOR,1,119.25
Jordan Adams,30,248,94,40.7,40,60.9,28,16,16,7,14,24,87,1.14,1.14,21,us,"University of California, Los Angeles",0,192.5,SG,MEM,1,94.05
Jordan Clarkson,59,1476,703,44.8,31.4,82.9,191,206,51,12,96,109,711,2.15,0.53,23,us,University of Missouri,0,192.5,PG,LAL,0,87.3
Jordan Farmar,36,529,167,38.6,36.1,90.9,42,67,20,5,32,52,171,2.09,0.63,29,us,"University of California, Los Angeles",7,185,PG,LAC,1,81
Jordan Hamilton,14,122,38,40,47.6,0,16,7,2,0,4,14,38,1.75,0.5,25,us,University of Texas at Austin,3,197.5,SF,LAC,1,99
Jordan Hill,70,1874,841,45.9,27.3,73.8,556,103,34,52,106,164,1016,0.97,0.32,28,us,University of Arizona,5,205,C,LAL,0,105.75
Jorge Gutierrez,20,174,53,53.7,0,69.2,25,22,6,0,12,25,71,1.83,0.5,27,mx,University of California,1,187.5,PG,MIL,1,85.95
Jose Calderon,42,1270,382,41.5,41.5,90.6,124,198,31,0,75,76,450,2.64,0.41,34,es,NULL,9,187.5,PG,NYK,0,90
Josh McRoberts,17,296,72,52.8,42.1,61.5,45,33,12,3,22,41,113,1.5,0.55,28,us,Duke University,7,205,PF,MIA,0,108
Josh Smith,83,2301,1027,41.9,31.6,49.8,530,277,87,116,206,228,1130,1.35,0.42,0,NULL,NULL,0,0,NULL,NULL,0,0
JR Smith,70,2079,847,41.7,38.3,75,218,195,82,22,97,163,809,2.01,0.85,30,us,NULL,10,195,SG,NYK,0,101.25
Jrue Holiday,40,1303,592,44.6,37.8,85.5,135,274,63,23,91,110,689,3.01,0.69,25,us,"University of California, Los Angeles",5,190,PG,NOH,1,92.25
Julius Randle,1,14,2,33.3,0,0,0,0,0,0,1,1,-3,0,0,21,us,University of Kentucky,0,202.5,PF,LAL,0,112.5
Justin Hamilton,41,713,219,47.8,32.3,83,134,36,27,30,26,70,319,1.39,1.04,25,us,Louisiana State University,1,210,C,MIN,0,117
Justin Holiday,59,657,254,38.7,32.1,82.2,73,48,40,12,29,54,246,1.66,1.38,26,us,University of Washington,1,195,SG,GSW,1,83.25
Jusuf Nurkic,62,1103,426,44.6,0,63.6,382,50,52,68,86,207,632,0.58,0.61,0,NULL,NULL,0,0,NULL,NULL,0,0
Kalin Lucas,1,6,0,0,0,0,0,0,1,0,0,1,0,0,0,26,us,Michigan State University,0,182.5,PG,MEM,1,87.75
Kawhi Leonard,64,2033,1057,47.9,34.9,80.2,461,161,148,48,97,128,1300,1.66,1.53,24,us,San Diego State University,3,197.5,SF,SAS,1,103.5
Kelly Olynyk,64,1424,656,47.5,34.9,68.4,303,109,64,39,98,213,753,1.11,0.65,24,ca,Gonzaga University,1,210,C,BOS,1,107.1
Kemba Walker,62,2119,1075,38.5,30.4,82.7,220,318,89,31,100,92,981,3.18,0.89,25,us,University of Connecticut,3,182.5,PG,CHA,0,77.4
Kendall Marshall,28,417,118,45.5,39.1,88.9,28,86,21,0,35,26,162,2.46,0.6,24,us,University of North Carolina,2,190,PG,MIL,1,90
Kendrick Perkins,68,1148,246,44.9,0,50.6,320,51,16,42,95,162,414,0.54,0.17,31,us,NULL,11,205,C,OKC,0,121.5
Kenneth Faried,75,2086,946,50.7,12.5,69.1,668,89,62,57,118,211,1252,0.75,0.53,26,us,Morehead State University,3,200,PF,DEN,0,102.6
Kent Bazemore,75,1324,390,42.6,36.4,60,222,78,52,33,73,127,472,1.07,0.71,26,us,Old Dominion University,2,192.5,SG,ATL,1,90.45
Kentavious Caldwell-Pope,82,2587,1043,40.1,34.5,69.6,255,109,93,18,94,161,794,1.16,0.99,22,us,University of Georgia,1,192.5,SG,DET,0,92.25
Kenyon Martin,11,104,20,40.9,0,100,19,5,5,6,3,13,39,1.67,1.67,38,us,University of Cincinnati,14,202.5,PF,MIL,1,105.3
Kevin Durant,27,913,686,51,40.3,85.4,178,110,24,25,74,40,695,1.49,0.32,27,us,University of Texas at Austin,7,202.5,SF,OKC,0,108
Kevin Garnett,47,952,323,46.7,14.3,80,311,77,46,17,46,109,556,1.67,1,39,us,NULL,19,207.5,PF,MIN,0,108
Kevin Love,75,2532,1228,43.4,36.7,80.4,731,168,51,39,122,140,1493,1.38,0.42,27,us,"University of California, Los Angeles",6,205,PF,CLE,1,112.95
Kevin Martin,39,1302,779,42.7,39.3,88.1,142,89,33,1,76,76,587,1.17,0.43,32,us,Western Carolina University,10,197.5,SG,MIN,0,89.55
Kevin Seraphin,79,1235,520,51.3,0,70.7,288,59,10,59,98,197,595,0.6,0.1,26,gf,NULL,4,202.5,C,WAS,1,128.25
Khris Middleton,79,2378,1055,46.7,40.7,85.9,347,182,122,11,113,183,1119,1.61,1.08,24,us,Texas A&M University,2,200,SF,MIL,1,105.3
Kirk Hinrich,66,1610,377,37.3,34.5,70,121,148,46,14,73,144,379,2.03,0.63,34,us,University of Kansas,11,190,SG,CHI,1,85.5
KJ McDaniels,62,1352,487,39.6,28.7,75.2,200,72,44,70,105,126,473,0.69,0.42,22,us,Clemson University,0,195,SG,PHI,0,92.25
Klay Thompson,77,2455,1668,46.3,43.9,87.9,247,222,87,60,149,122,1407,1.49,0.58,25,us,Washington State University,3,197.5,SG,GSW,1,96.75
Kobe Bryant,35,1207,782,37.3,29.3,81.3,199,197,47,7,128,65,612,1.54,0.37,37,us,NULL,18,195,SG,LAL,0,95.4
Kosta Koufos,81,1348,419,50.8,0,64.7,426,37,29,63,69,148,699,0.54,0.42,26,us,Ohio State University,6,210,C,MEM,1,119.25
Kostas Papanikolaou,43,795,182,35,29.2,72.2,118,85,29,13,55,71,239,1.55,0.53,25,gr,NULL,0,200,SF,HOU,1,101.25
Kris Humphries,64,1345,509,47.3,0,74.4,416,57,34,25,46,130,730,1.24,0.74,30,us,University of Minnesota,10,202.5,PF,WAS,1,105.75
Kyle Anderson,33,358,74,34.8,27.3,64.3,72,28,15,7,10,28,123,2.8,1.5,22,us,"University of California, Los Angeles",0,202.5,SF,SAS,1,103.5
Kyle Korver,75,2418,911,48.7,49.2,89.8,304,196,52,42,107,140,1078,1.83,0.49,34,us,Creighton University,11,197.5,SG,ATL,1,95.4
Kyle Lowry,70,2414,1244,41.2,33.8,80.8,328,473,109,13,173,212,1321,2.73,0.63,29,us,Villanova University,8,182.5,PG,TOR,1,88.2
Kyle O'Quinn,51,824,294,49.2,27.9,77.2,199,59,31,39,55,110,431,1.07,0.56,25,us,Norfolk State University,2,205,PF,ORL,0,112.5
Kyle Singler,80,1744,480,38.6,39.8,76.9,194,85,47,21,55,153,486,1.55,0.86,27,us,Duke University,2,200,SF,OKC,0,102.6
Kyrie Irving,75,2730,1628,46.8,41.5,86.3,237,389,114,20,186,146,1495,2.09,0.61,23,au,Duke University,3,187.5,PG,CLE,1,86.85
LaMarcus Aldridge,71,2512,1661,46.6,35.2,84.5,726,124,48,68,122,125,1693,1.02,0.39,30,us,University of Texas at Austin,8,207.5,PF,POR,1,117
Lance Stephenson,61,1573,501,37.6,17.1,62.7,277,240,38,8,128,134,552,1.88,0.3,25,us,University of Cincinnati,4,192.5,SG,CHA,0,103.5
Lance Thomas,62,1491,443,41.2,31.8,72.7,195,69,37,8,74,101,391,0.93,0.5,0,NULL,NULL,0,0,NULL,NULL,0,0
Landry Fields,26,216,46,48.8,50,83.3,26,15,11,0,8,9,68,1.88,1.38,27,us,Stanford University,4,197.5,SF,TOR,1,94.5
Langston Galloway,45,1457,533,39.9,35.2,80.8,190,150,52,12,61,129,554,2.46,0.85,24,us,Saint Joseph's University,0,185,PG,NYK,0,90
Larry Drew II,12,219,46,34.5,15.4,66.7,15,45,6,0,25,13,48,1.8,0.24,25,us,"University of California, Los Angeles",0,185,PG,PHI,0,81
Larry Sanders,27,586,196,50,0,50,166,23,26,39,28,104,312,0.82,0.93,0,NULL,NULL,0,0,NULL,NULL,0,0
Lavoy Allen,63,1070,315,47.2,0,70.2,323,73,15,42,40,102,556,1.83,0.38,26,us,Temple University,3,202.5,C,IND,0,117
Leandro Barbosa,66,982,467,47.4,38.4,78.4,91,99,41,8,44,87,443,2.25,0.93,33,br,NULL,11,187.5,SG,GSW,1,87.3
LeBron James,69,2493,1743,48.8,35.4,71,416,511,109,49,272,135,1748,1.88,0.4,31,us,NULL,11,200,SF,CLE,1,112.5
Lester Hudson,5,56,18,42.9,50,75,8,5,6,1,3,4,26,1.67,2,31,us,University of Tennessee at Martin,3,187.5,SG,LAC,1,85.5
Lorenzo Brown,29,549,122,42.6,21.4,63.2,70,90,28,6,30,49,209,3,0.93,25,us,North Carolina State University,1,192.5,PG,MIN,0,85.05
Lou Amundson,53,937,259,42.7,0,47.1,268,70,22,52,62,126,417,1.13,0.36,33,us,"University of Nevada, Las Vegas",8,202.5,PF,NYK,0,99
Lou Williams,80,2016,1242,40.4,34,86.1,151,164,88,10,101,103,946,1.62,0.87,29,us,NULL,9,182.5,SG,TOR,1,78.75
Luc Mbah a Moute,67,1916,660,39.5,30.7,58.9,328,106,81,21,99,104,645,1.07,0.82,29,cm,"University of California, Los Angeles",6,200,PF,PHI,0,103.5
Lucas Nogueira,6,23,6,25,0,50,11,1,2,0,2,6,10,0.5,1,23,br,NULL,0,210,C,TOR,1,108.45
Luis Scola,81,1659,763,46.7,25,69.9,526,105,47,18,94,192,955,1.12,0.5,35,ar,NULL,7,202.5,PF,IND,0,108
Luke Babbitt,63,830,256,47.9,51.3,68.4,111,24,17,11,26,63,287,0.92,0.65,26,us,"University of Nevada, Reno",4,202.5,SF,NOH,1,101.25
Luke Ridnour,47,683,188,42.6,31.7,85.7,68,96,20,4,38,67,234,2.53,0.53,34,us,University of Oregon,11,185,PG,ORL,0,78.75
Luol Deng,72,2421,1007,46.9,35.5,76.1,376,139,65,22,108,109,1023,1.29,0.6,30,ss,Duke University,10,202.5,SF,MIA,0,99
Malcolm Thomas,17,194,45,45,0,69.2,56,7,3,1,13,17,73,0.54,0.23,25,us,"University of California, Los Angeles",2,192.5,SG,PHI,0,90
Manu Ginobili,70,1587,738,42.6,34.5,72.1,211,293,67,20,154,138,780,1.9,0.44,38,ar,NULL,12,195,SG,SAS,1,92.25
Marc Gasol,81,2687,1413,49.4,17.6,79.5,630,307,70,131,176,208,1743,1.74,0.4,30,es,NULL,6,212.5,C,MEM,1,114.75
Marcin Gortat,82,2453,1001,56.6,0,70.3,717,97,49,110,100,191,1486,0.97,0.49,31,pl,NULL,7,207.5,C,WAS,1,108
Marco Belinelli,62,1388,568,42.3,37.4,84.8,157,94,31,3,61,85,506,1.54,0.51,29,it,NULL,7,192.5,SG,SAS,1,94.5
Marcus Morris,81,2045,845,43.4,35.8,62.8,385,133,63,16,73,188,895,1.82,0.86,26,us,University of Kansas,3,202.5,PF,PHO,0,105.75
Marcus Smart,67,1808,523,36.7,33.5,64.6,222,208,99,18,90,176,633,2.31,1.1,21,us,Oklahoma State University,0,190,PG,BOS,1,99
Marcus Thornton,48,721,380,40.6,37.8,82.1,86,36,27,7,27,38,294,1.33,1,0,NULL,NULL,0,0,NULL,NULL,0,0
Mario Chalmers,80,2368,813,40.3,29.4,77.4,206,307,122,10,173,251,829,1.78,0.71,29,us,University of Kansas,6,185,PG,MIA,0,85.5
Markel Brown,47,781,216,36.2,26.6,82.5,107,39,31,12,27,57,234,1.44,1.15,23,us,Oklahoma State University,0,187.5,SG,NJN,1,85.5
Markieff Morris,82,2581,1258,46.5,31.8,76.3,506,192,101,39,170,245,1283,1.13,0.59,26,us,University of Kansas,3,205,PF,PHO,0,110.25
Marreese Speights,76,1207,791,49.2,27.8,84.3,325,72,20,34,82,189,804,0.88,0.24,28,us,University of Florida,6,205,C,GSW,1,114.75
Martell Webster,32,352,106,26.4,23.3,75,46,17,7,1,22,24,72,0.77,0.32,0,NULL,NULL,0,0,NULL,NULL,0,0
Marvin Williams,78,2035,577,42.4,35.8,71.3,386,100,69,36,60,146,798,1.67,1.15,29,us,University of North Carolina,9,202.5,PF,CHA,0,106.65
Mason Plumlee,82,1743,717,57.3,0,49.5,512,74,65,63,106,207,956,0.7,0.61,25,us,Duke University,1,207.5,C,NJN,1,110.25
Matt Barnes,76,2271,764,44.4,36.2,77.9,302,114,67,50,87,240,842,1.31,0.77,35,us,"University of California, Los Angeles",11,197.5,SF,LAC,1,101.7
Matt Bonner,72,935,264,40.9,36.5,81.1,115,47,10,12,11,65,294,4.27,0.91,35,us,University of Florida,10,205,PF,SAS,1,105.75
Matthew Dellavedova,67,1380,319,36.2,40.7,76.3,126,204,24,2,61,152,409,3.34,0.39,25,au,Saint Mary's College of California,1,190,SG,CLE,1,89.1
Maurice Harkless,45,674,158,39.9,17.9,53.7,106,25,32,9,27,66,189,0.93,1.19,22,us,St. John's University,2,202.5,SF,ORL,0,96.75
Meyers Leonard,55,847,327,51,42,93.8,250,32,10,14,39,113,472,0.82,0.26,23,us,University of Illinois at Urbana-Champaign,2,212.5,C,POR,1,110.25
Michael Beasley,24,505,212,43.4,23.5,76.9,89,32,15,13,37,66,198,0.87,0.41,26,us,Kansas State University,6,202.5,SF,MIA,0,105.75
Michael Carter-Williams,66,2150,966,39.6,23.5,69.4,353,442,111,30,253,167,1005,1.75,0.44,24,us,Syracuse University,1,195,PG,PHI,0,85.5
Michael Kidd-Gilchrist,55,1587,598,46.5,0,70.1,416,77,30,38,63,115,774,1.22,0.48,22,us,University of Kentucky,2,197.5,SF,CHA,0,104.4
Mike Conley,70,2225,1107,44.6,38.6,85.9,209,375,89,14,156,139,1114,2.4,0.57,28,us,Ohio State University,7,182.5,PG,MEM,1,78.75
Mike Dunleavy,63,1838,595,43.5,40.7,80.5,248,114,39,21,60,123,668,1.9,0.65,35,us,Duke University,12,202.5,SF,CHI,1,103.5
Mike Miller,52,701,109,32.5,32.7,75,91,46,14,4,23,74,163,2,0.61,35,us,University of Florida,14,200,SF,CLE,1,98.1
Mike Muscala,40,502,197,55,40.9,88,119,25,16,19,21,52,284,1.19,0.76,24,us,Bucknell University,1,207.5,PF,ATL,1,108
Mike Scott,68,1123,529,44.4,34.4,79.2,199,75,25,3,39,83,524,1.92,0.64,27,us,University of Virginia,2,200,PF,ATL,1,106.65
Miles Plumlee,73,1194,294,53.5,0,47.8,320,34,41,66,51,111,562,0.67,0.8,27,us,Duke University,2,207.5,C,PHO,0,112.05
Miroslav Raduljica,5,23,8,37.5,0,100,5,0,1,0,2,8,7,0,0.5,0,NULL,NULL,0,0,NULL,NULL,0,0
Mirza Teletovic,40,892,339,38.2,32.1,71.7,194,46,14,16,53,74,346,0.87,0.26,0,NULL,NULL,0,0,NULL,NULL,0,0
Mitch McGary,32,485,201,53.3,0,62.5,165,14,16,16,31,72,289,0.45,0.52,23,us,University of Michigan,0,205,PF,OKC,0,114.75
Mo Williams,68,1980,964,39.7,34.2,87.2,174,424,46,14,172,162,907,2.47,0.27,33,us,University of Alabama,11,182.5,PG,CHA,0,89.1
Monta Ellis,80,2699,1513,44.5,28.5,75.2,190,329,148,25,198,197,1180,1.66,0.75,30,us,NULL,9,187.5,SG,DAL,1,83.25
Nate Robinson,42,591,238,34.5,27.7,67.4,50,97,20,3,30,76,196,3.23,0.67,0,NULL,NULL,0,0,NULL,NULL,0,0
Nate Wolters,21,247,42,35.1,0,33.3,34,21,8,2,13,18,53,1.62,0.62,0,NULL,NULL,0,0,NULL,NULL,0,0
Nazr Mohammed,23,128,27,43.3,0,33.3,38,3,4,5,7,16,51,0.43,0.57,38,us,University of Kentucky,16,205,C,CHI,1,99.45
Nene,67,1694,737,51.1,20,60.4,345,123,66,22,124,180,795,0.99,0.53,33,br,NULL,12,207.5,PF,WAS,1,112.5
Nerlens Noel,75,2311,744,46.2,0,60.9,611,128,133,142,146,208,1171,0.88,0.91,21,us,University of Kentucky,0,207.5,C,PHI,0,102.6
Nick Calathes,58,838,243,42.1,25.6,53.3,106,146,63,5,61,100,338,2.39,1.03,26,us,University of Florida,1,195,SG,MEM,1,95.85
Nick Collison,66,1101,273,41.9,26.7,69.2,250,90,35,25,45,156,461,2,0.78,35,us,University of Kansas,10,205,PF,OKC,0,114.75
Nick Johnson,28,262,74,34.7,23.8,68,39,11,7,3,19,34,58,0.58,0.37,23,us,University of Arizona,0,187.5,SG,HOU,1,90.9
Nick Young,42,1000,563,36.6,36.9,89.2,96,41,23,11,44,83,372,0.93,0.52,0,NULL,NULL,0,0,NULL,NULL,0,0
Nicolas Batum,71,2380,664,40,32.4,85.7,416,341,78,40,132,106,1033,2.58,0.59,27,fr,NULL,6,200,SF,POR,1,90
Nik Stauskas,73,1127,319,36.5,32.2,85.9,88,67,20,17,40,92,274,1.68,0.5,22,ca,University of Michigan,0,195,SG,SAC,0,92.25
Nikola Mirotic,82,1654,833,40.5,31.6,80.3,404,97,54,54,89,172,926,1.09,0.61,24,me,NULL,0,205,PF,CHI,1,99
Nikola Pekovic,31,815,386,42.4,0,83.7,234,27,19,12,42,59,426,0.64,0.45,0,NULL,NULL,0,0,NULL,NULL,0,0
Nikola Vucevic,74,2529,1428,52.3,33.3,75.2,810,147,54,54,148,220,1716,0.99,0.37,25,ch,University of Southern California,3,210,C,ORL,0,117
Noah Vonleh,25,259,83,39.5,38.5,69.2,86,4,4,9,11,20,121,0.36,0.36,20,us,Indiana University,0,205,PF,CHA,0,108
Norris Cole,75,1831,573,41.2,31.3,71.6,159,255,57,15,99,124,609,2.58,0.58,27,us,Cleveland State University,3,185,PG,NOH,1,78.75
O.J. Mayo,71,1697,806,42.2,35.7,82.7,187,197,57,18,128,165,708,1.54,0.45,28,us,University of Southern California,6,192.5,SG,MIL,1,94.5
Ognjen Kuzmic,16,72,20,66.7,0,100,17,6,2,1,5,13,37,1.2,0.4,25,ba,NULL,1,212.5,C,GSW,1,112.95
Omer Asik,76,1982,557,51.7,0,58.2,748,72,29,54,95,144,1072,0.76,0.31,29,tr,NULL,4,210,C,NOH,1,114.75
Omri Casspi,67,1416,593,48.9,40.2,73.3,260,102,31,9,88,107,638,1.16,0.35,27,il,NULL,5,202.5,SF,SAC,0,101.25
Otto Porter Jr.,74,1432,445,45,33.7,73.4,221,65,44,30,52,97,517,1.25,0.85,22,us,Georgetown University,1,200,SF,WAS,1,89.1
Pablo Prigioni,67,1197,274,39.9,34.3,85.4,119,171,79,1,62,88,439,2.76,1.27,38,ar,NULL,2,187.5,PG,NYK,0,83.25
Patrick Beverley,56,1727,568,38.3,35.6,75,237,192,59,23,83,182,653,2.31,0.71,27,us,University of Arkansas,2,182.5,PG,HOU,1,83.25
Patrick Christopher,4,29,6,25,0,0,6,0,1,0,1,6,3,0,1,27,us,University of California,0,192.5,SG,UTA,0,94.05
Patrick Patterson,81,2156,648,44.9,37.1,78.8,433,155,60,44,54,149,974,2.87,1.11,0,NULL,NULL,0,0,NULL,NULL,0,0
Patty Mills,51,801,351,38.1,34.1,82.5,75,87,28,2,35,58,293,2.49,0.8,27,au,Saint Mary's College of California,5,180,PG,SAS,1,83.25
Pau Gasol,78,2681,1446,49.4,46.2,80.3,919,210,25,147,158,147,1934,1.33,0.16,35,es,NULL,13,210,PF,CHI,1,112.5
Paul George,6,91,53,36.7,40.9,72.7,22,6,5,1,12,11,41,0.5,0.42,25,us,"California State University, Fresno",4,202.5,SF,IND,0,99
Paul Millsap,73,2390,1218,47.6,35.6,75.7,570,223,130,69,166,201,1475,1.34,0.78,30,us,Louisiana Tech University,8,200,PF,ATL,1,110.7
Paul Pierce,73,1914,868,44.7,38.9,78.1,294,144,46,24,92,160,875,1.57,0.5,38,us,University of Kansas,16,197.5,SF,WAS,1,105.75
Pero Antic,63,1037,356,36.5,30.1,71.5,189,49,18,14,49,132,354,1,0.37,33,mk,NULL,1,207.5,PF,ATL,1,117
Perry Jones III,43,631,184,39.7,23.3,64.9,76,18,17,8,24,50,155,0.75,0.71,24,us,Baylor University,2,207.5,SF,OKC,0,105.75
Phil Pressey,50,600,177,36.8,24.6,67.3,80,117,30,6,41,54,243,2.85,0.73,24,us,University of Missouri,1,177.5,PG,BOS,1,78.75
PJ Hairston,45,687,254,32.3,30.1,86.1,92,21,21,13,22,61,192,0.96,0.96,23,us,University of North Carolina,0,195,SG,CHA,0,103.5
PJ Tucker,78,2383,713,43.8,34.5,72.7,502,122,107,23,96,179,997,1.27,1.12,0,NULL,NULL,0,0,NULL,NULL,0,0
Quincy Acy,68,1287,398,45.9,30,78.4,301,68,27,22,60,147,556,1.13,0.45,25,us,Baylor University,2,197.5,PF,NYK,0,108
Quincy Miller,10,120,29,23.7,16.7,72.7,20,8,7,5,5,9,32,1.6,1.4,23,us,Baylor University,2,202.5,PF,SAC,0,94.5
Quincy Pondexter,75,1793,538,42.1,37.3,74,195,94,19,24,51,150,535,1.84,0.37,27,us,University of Washington,4,197.5,SF,NOH,1,99
Rajon Rondo,68,2019,608,42.6,31.4,39.7,373,538,91,7,210,153,990,2.56,0.43,29,us,University of Kentucky,8,182.5,PG,DAL,1,83.7
Ramon Sessions,64,1188,402,37.4,31.7,76.9,144,182,29,0,86,73,422,2.12,0.34,29,us,"University of Nevada, Reno",7,187.5,PG,WAS,1,85.5
Randy Foye,50,1087,435,36.8,35.7,81.8,85,119,34,11,60,97,360,1.98,0.57,32,us,Villanova University,8,190,SG,DEN,0,95.85
Rasual Butler,75,1505,580,42.2,38.7,79.1,197,63,29,22,48,98,530,1.31,0.6,36,us,La Salle University,11,197.5,SF,WAS,1,96.75
Ray McCallum,68,1436,503,43.8,30.6,67.9,180,188,45,11,85,92,551,2.21,0.53,24,us,University of Detroit Mercy,1,187.5,PG,SAC,0,85.5
Raymond Felton,29,281,108,40.6,29.4,80,26,41,11,4,18,17,106,2.28,0.61,31,us,University of North Carolina,9,182.5,PG,DAL,1,92.25
Reggie Bullock,36,338,69,34.3,32.6,66.7,50,8,10,4,8,19,84,1,1.25,24,us,University of North Carolina,1,197.5,SF,PHO,0,92.25
Reggie Evans,47,764,176,42.3,0,61.9,299,32,22,5,45,91,373,0.71,0.49,35,us,University of Iowa,12,200,PF,SAC,0,110.25
Reggie Jackson,77,2268,1117,43.4,29.9,83,327,462,62,9,186,167,1190,2.48,0.33,25,it,Boston College,3,187.5,PG,OKC,0,93.6
Reggie Williams,20,105,37,38.5,15.8,100,17,10,1,0,2,12,39,5,0.5,0,NULL,NULL,0,0,NULL,NULL,0,0
Richard Jefferson,74,1244,432,44.4,42.6,68.4,183,61,32,11,52,115,451,1.17,0.62,35,us,University of Arizona,13,197.5,SF,DAL,1,104.85
Ricky Ledo,17,244,90,33.3,37,72.7,36,19,6,1,26,21,56,0.73,0.23,0,NULL,NULL,0,0,NULL,NULL,0,0
Ricky Rubio,22,692,226,35.6,25.5,80.3,125,193,38,1,64,59,364,3.02,0.59,23,us,NULL,1,197.5,SG,NYK,0,87.75
Robbie Hummel,45,742,198,45.9,31.4,82.8,134,27,16,9,18,86,268,1.5,0.89,26,us,Purdue University,1,200,SF,MIN,0,96.75
Robert Covington,70,1956,943,39.6,37.4,82,316,105,97,31,128,189,868,0.82,0.76,25,us,Tennessee State University,1,202.5,SF,PHI,0,96.75
Robert Sacre,67,1133,307,41.2,0,67.1,233,55,28,43,36,121,423,1.53,0.78,0,NULL,NULL,0,0,NULL,NULL,0,0
Robin Lopez,59,1638,566,53.5,0,77.2,394,55,16,84,73,122,810,0.75,0.22,27,us,Stanford University,6,210,C,POR,1,114.75
Rodney Hood,50,1064,433,41.4,36.5,76.3,117,83,30,12,45,119,392,1.84,0.67,23,us,Duke University,0,200,SG,UTA,0,92.7
Rodney Stuckey,71,1874,896,44,39,81.9,248,219,56,10,118,131,850,1.86,0.48,29,us,Eastern Washington University,7,192.5,PG,IND,0,94.5
Ronnie Price,43,982,221,34.5,28.4,80,69,165,67,4,52,118,319,3.17,1.29,32,us,Utah Valley State College,9,185,PG,LAL,0,85.5
Ronny Turiaf,2,19,0,0,0,0,1,2,0,0,0,0,3,0,0,0,NULL,NULL,0,0,NULL,NULL,0,0
Roy Hibbert,76,1926,802,44.6,0,82.4,540,84,18,125,107,216,1033,0.79,0.17,29,us,Georgetown University,6,215,C,IND,0,121.5
Rudy Gay,68,2408,1432,45.5,35.9,85.8,399,250,71,41,183,157,1346,1.37,0.39,29,us,University of Connecticut,8,200,SF,SAC,0,103.5
Rudy Gobert,82,2158,686,60.4,0,62.3,775,109,64,189,111,175,1440,0.98,0.58,23,fr,NULL,1,212.5,C,UTA,0,110.25
Russ Smith,12,65,30,32,18.2,92.3,6,8,3,0,12,13,17,0.67,0.25,24,us,University of Louisville,0,180,PG,MEM,1,74.25
Russell Westbrook,67,2302,1886,42.6,29.9,83.5,488,574,140,14,293,184,1857,1.96,0.48,0,NULL,NULL,0,0,NULL,NULL,0,0
Ryan Anderson,61,1675,833,39.9,34,85.4,295,55,33,20,62,113,714,0.89,0.53,27,us,University of California,6,205,PF,NOH,1,108
Ryan Hollins,46,441,137,64.6,0,57.4,103,14,6,19,25,65,202,0.56,0.24,31,us,"University of California, Los Angeles",8,210,C,SAC,0,108
Ryan Kelly,52,1233,332,33.7,33.6,83.2,146,92,30,24,37,118,366,2.49,0.81,24,us,Duke University,1,207.5,PF,LAL,0,103.5
Samuel Dalembert,32,544,128,43.8,0,70,168,29,14,41,39,70,262,0.74,0.36,34,ht,Seton Hall University,12,207.5,C,NYK,0,114.75
Sean Kilpatrick,4,72,22,35,30.8,100,6,4,3,0,2,3,20,2,1.5,25,us,University of Cincinnati,0,190,SG,MIN,0,94.5
Sebastian Telfair,16,327,134,36.8,30,70.6,30,45,10,0,18,29,112,2.5,0.56,0,NULL,NULL,0,0,NULL,NULL,0,0
Serge Ibaka,64,2116,917,47.6,37.6,83.6,499,55,30,155,97,194,1129,0.57,0.31,26,cg,NULL,5,205,PF,OKC,0,105.75
Sergey Karasev,33,555,153,40.3,29.6,76.3,66,46,23,1,24,45,176,1.92,0.96,22,ru,NULL,1,197.5,SG,NJN,1,93.6
Seth Curry,2,8,0,0,0,0,2,1,0,0,0,2,0,0,0,25,us,Duke University,1,185,PG,PHO,0,83.25
Shabazz Muhammad,38,866,512,48.9,39.2,71.7,154,44,18,7,35,49,456,1.26,0.51,23,us,"University of California, Los Angeles",1,195,SG,MIN,0,100.35
Shabazz Napier,51,1012,261,38.2,36.4,78.6,113,130,40,4,81,76,314,1.61,0.49,0,NULL,NULL,0,0,NULL,NULL,0,0
Shane Larkin,76,1865,470,43.3,30.2,78.2,176,226,93,9,83,150,629,2.72,1.12,23,us,University of Miami,1,177.5,PG,NYK,0,78.75
Shannon Brown,5,89,20,36.8,42.9,75,1,3,4,0,4,8,11,0.75,1,30,us,Michigan State University,8,190,SG,MIA,0,92.25
Shaun Livingston,78,1468,461,50,0,71.4,183,259,49,20,102,110,646,2.54,0.48,30,us,NULL,9,197.5,PG,GSW,1,86.4
Shavlik Randolph,21,126,24,25.7,0,50,38,4,5,3,3,16,39,1.33,1.67,32,us,Duke University,7,205,PF,BOS,1,108
Shawn Marion,57,1101,276,44.6,26.1,76.5,202,51,27,27,33,58,394,1.55,0.82,37,us,"University of Nevada, Las Vegas",15,197.5,SF,CLE,1,99
Shawne Williams,63,1087,341,40.3,36,87.5,166,44,25,21,30,135,383,1.47,0.83,24,us,Western Michigan University,0,207.5,PF,IND,0,112.5
Shayne Whittington,20,108,57,45.2,16.7,78.3,29,6,5,2,5,18,66,1.2,1,0,NULL,NULL,0,0,NULL,NULL,0,0
Shelvin Mack,55,833,299,40.1,31.5,80.6,79,155,30,2,49,32,335,3.16,0.61,25,us,Butler University,3,187.5,PG,ATL,1,91.35
Sim Bhullar,3,3,2,50,0,0,1,1,0,1,0,0,4,0,0,23,ca,New Mexico State University,0,222.5,C,SAC,0,162
Solomon Hill,82,2381,729,39.6,32.7,82.4,314,184,66,18,115,177,779,1.6,0.57,24,us,University of Arizona,1,197.5,SF,IND,0,101.25
Spencer Dinwiddie,34,455,145,30.2,18.5,91.2,48,104,19,6,33,53,168,3.15,0.58,22,us,University of Colorado,0,195,PG,DET,0,90
Spencer Hawes,73,1274,425,39.3,31.3,64.7,258,88,24,53,61,173,511,1.44,0.39,27,us,University of Washington,7,212.5,PF,LAC,1,110.25
Stephen Curry,80,2613,1900,48.7,44.3,91.4,341,619,163,16,249,158,2073,2.49,0.66,27,us,Davidson College,5,187.5,PG,GSW,1,85.5
Steve Blake,81,1529,350,37.3,35.2,70.7,137,288,41,5,104,118,500,2.77,0.39,35,us,University of Maryland,11,187.5,PG,POR,1,77.4
Steve Novak,35,197,63,39.3,39.6,0,22,11,0,2,5,23,57,2.2,0,32,us,Marquette University,8,205,PF,OKC,0,101.25
Steven Adams,70,1771,537,54.4,0,50.2,523,66,38,86,99,222,867,0.67,0.38,22,nz,University of Pittsburgh,1,210,C,OKC,0,114.75
Taj Gibson,62,1692,640,50.2,0,71.7,396,71,36,75,77,162,837,0.92,0.47,30,us,University of Southern California,5,202.5,PF,CHI,1,101.25
Tarik Black,63,1195,379,57.5,0,55.1,368,42,19,24,48,158,615,0.88,0.4,24,us,University of Kansas,0,202.5,C,LAL,0,112.5
Tayshaun Prince,58,1397,434,44,46.3,75.4,210,93,29,16,35,55,506,2.66,0.83,35,us,University of Kentucky,12,202.5,SF,MEM,1,95.4
Terrence Jones,33,889,386,52.8,35.1,60.6,220,36,18,59,37,78,504,0.97,0.49,23,us,University of Kentucky,2,202.5,PF,HOU,1,113.4
Terrence Ross,82,2092,807,41,37.2,78.6,226,86,53,25,69,136,672,1.25,0.77,24,us,University of Washington,2,197.5,SF,TOR,1,92.7
Thabo Sefolosha,52,976,278,41.8,32.1,77.6,223,75,53,21,38,67,454,1.97,1.4,31,ch,NULL,8,197.5,SF,ATL,1,99
Thaddeus Young,76,2434,1071,46.6,33,65.5,411,173,124,25,117,171,1101,1.48,1.06,0,NULL,NULL,0,0,NULL,NULL,0,0
Thomas Robinson,54,798,308,48.5,0,52.8,303,33,32,20,59,104,453,0.56,0.54,0,NULL,NULL,0,0,NULL,NULL,0,0
Tiago Splitter,52,1030,428,55.8,0,75,252,78,35,37,60,103,606,1.3,0.58,30,br,NULL,4,207.5,C,SAS,1,110.25
Tim Duncan,77,2227,1070,51.2,28.6,74,704,230,63,151,131,165,1606,1.76,0.48,39,vi,Wake Forest University,17,207.5,C,SAS,1,112.5
Tim Frazier,11,240,57,34.4,29.4,47.6,28,60,8,0,25,26,77,2.4,0.32,25,us,Pennsylvania State University,0,182.5,PG,POR,1,76.5
Tim Hardaway Jr.,70,1681,804,38.9,34.2,80.1,156,127,20,14,82,119,570,1.55,0.24,23,us,University of Michigan,1,195,SG,NYK,0,92.25
Timofey Mozgov,81,2046,785,55.5,33.3,71.8,591,55,33,97,116,227,1132,0.47,0.28,29,ru,NULL,4,212.5,C,CLE,1,123.75
TJ Warren,40,614,245,52.8,23.8,73.7,85,25,18,9,27,51,249,0.93,0.67,0,NULL,NULL,0,0,NULL,NULL,0,0
Tobias Harris,68,2369,1164,46.6,36.4,78.8,430,124,69,36,115,134,1149,1.08,0.6,23,us,University of Tennessee,3,202.5,SF,ORL,0,105.75
Toney Douglas,12,177,51,37.3,27.8,61.5,22,24,11,4,10,20,65,2.4,1.1,29,us,Florida State University,5,185,SG,NOH,1,87.75
Tony Allen,63,1648,539,49.5,34.5,62.7,280,86,129,30,86,166,701,1,1.5,33,us,Oklahoma State University,10,190,SG,MEM,1,95.85
Tony Parker,68,1953,976,48.6,42.7,78.3,129,335,44,2,146,108,876,2.3,0.3,33,be,NULL,13,185,PG,SAS,1,83.25
Tony Snell,72,1412,435,42.9,37.1,80,176,62,32,11,48,86,445,1.29,0.67,24,us,University of New Mexico,1,197.5,SF,CHI,1,90
Tony Wroten,30,895,507,40.3,26.1,66.7,86,157,48,8,113,72,374,1.39,0.43,0,NULL,NULL,0,0,NULL,NULL,0,0
Toure' Murry,5,18,6,40,0,100,1,1,1,0,4,2,2,0.25,0.25,26,us,Wichita State University,1,192.5,SG,WAS,1,87.75
Travis Wear,51,672,199,40.2,36.7,76.9,106,40,15,11,35,55,205,1.14,0.43,0,NULL,NULL,0,0,NULL,NULL,0,0
Trevor Ariza,82,2930,1048,40.2,35,85.3,459,209,152,17,141,186,1179,1.48,1.08,30,us,"University of California, Los Angeles",10,200,SF,HOU,1,96.75
Trevor Booker,79,1564,567,48.7,34.5,58.1,397,83,43,41,88,144,743,0.94,0.49,28,us,Clemson University,4,200,PF,UTA,0,102.6
Trey Burke,76,2288,973,36.8,31.8,75.2,204,328,65,15,124,119,790,2.65,0.52,23,us,University of Michigan,1,182.5,PG,UTA,0,85.95
Tristan Thompson,82,2194,693,54.7,0,64.1,657,39,34,61,83,189,1091,0.47,0.41,0,NULL,NULL,0,0,NULL,NULL,0,0
Troy Daniels,47,397,176,37,36.4,84.6,33,22,6,1,20,40,112,1.1,0.3,24,us,Virginia Commonwealth University,1,190,SG,MIN,0,92.25
Ty Lawson,75,2665,1143,43.6,34.1,73,234,720,92,9,185,128,1393,3.89,0.5,28,us,University of North Carolina,5,177.5,PG,DEN,0,87.75
Tyler Ennis,33,411,121,36.1,27.9,71.4,35,73,18,5,42,36,116,1.74,0.43,21,ca,Syracuse University,0,187.5,PG,PHO,0,87.3
Tyler Hansbrough,74,1058,270,52.1,14.3,69.8,265,21,30,15,20,141,460,1.05,1.5,30,us,University of North Carolina,5,202.5,PF,TOR,1,112.5
Tyler Johnson,32,603,190,41.9,37.5,68.1,81,42,33,9,30,42,213,1.4,1.1,23,us,"California State University, Fresno",0,190,SG,MIA,0,83.7
Tyler Zeller,82,1731,833,54.9,0,82.3,465,113,18,52,76,205,1093,1.49,0.24,0,NULL,NULL,0,0,NULL,NULL,0,0
Tyreke Evans,79,2690,1313,44.7,30.4,69.4,416,521,100,37,246,198,1408,2.12,0.41,26,us,University of Memphis,5,195,SG,NOH,1,99
Tyrus Thomas,2,7,4,100,0,100,0,1,0,0,0,0,5,0,0,0,NULL,NULL,0,0,NULL,NULL,0,0
Tyson Chandler,75,2286,771,66.6,0,72,864,84,42,91,105,169,1528,0.8,0.4,33,us,NULL,13,212.5,C,DAL,1,108
Udonis Haslem,62,995,261,44.8,20,70.3,258,46,21,13,41,113,407,1.12,0.51,35,us,University of Florida,11,200,PF,MIA,0,105.75
Vander Blue,2,74,22,30,20,40,9,8,3,0,6,4,12,1.33,0.5,23,us,Marquette University,1,190,SG,LAL,0,90
Victor Claver,10,76,24,45,54.5,0,20,1,1,1,4,12,32,0.25,0.25,27,es,NULL,2,202.5,SF,POR,1,100.8
Victor Oladipo,72,2573,1292,43.6,33.9,81.9,302,295,120,19,204,187,1153,1.45,0.59,23,us,Indiana University,1,190,SG,ORL,0,94.5
Vince Carter,66,1091,384,33.3,29.7,78.9,133,79,43,14,43,102,327,1.84,1,38,us,University of North Carolina,16,195,SG,MEM,1,99
Wayne Ellington,65,1675,650,41.2,37,81.3,210,105,33,2,50,77,575,2.1,0.66,28,us,University of North Carolina,5,190,SG,LAL,0,90
Wesley Johnson,76,2245,753,41.4,35.1,80.4,319,124,59,45,87,162,786,1.43,0.68,28,us,Syracuse University,4,197.5,SF,LAL,0,96.75
Wesley Matthews,60,2024,956,44.8,38.9,75.2,222,139,77,10,81,132,872,1.72,0.95,29,us,Marquette University,5,192.5,SG,POR,1,99
Will Barton,58,984,397,42.5,27.1,78.7,162,81,48,19,61,70,423,1.33,0.79,24,us,University of Memphis,2,195,SG,POR,1,78.75
Will Bynum,7,67,22,32.3,0,50,6,18,1,1,8,9,17,2.25,0.13,32,us,Georgia Institute of Technology,7,180,SG,WAS,1,83.25
Will Cherry,8,69,15,26.3,22.2,50,5,8,6,1,4,10,14,2,1.5,24,us,University of Montana,0,180,PG,CLE,1,83.25
Willie Green,52,951,306,38.6,34.7,82.4,79,68,26,5,48,81,242,1.42,0.54,34,us,University of Detroit Mercy,11,190,SG,ORL,0,90
Wilson Chandler,78,2471,1085,42.9,34.2,77.5,475,134,58,29,110,231,1082,1.22,0.53,28,us,DePaul University,7,200,SF,DEN,0,101.25
Xavier Henry,9,86,20,23.1,0,58.3,4,3,3,0,3,6,7,1,1,24,be,University of Kansas,4,195,SF,LAL,0,99
Zach LaVine,77,1902,778,42.2,34.1,84.2,214,276,54,10,193,158,720,1.43,0.28,20,us,"University of California, Los Angeles",0,192.5,PG,MIN,0,85.05
Zach Randolph,71,2304,1143,48.7,35,76.5,747,153,69,14,156,175,1422,0.98,0.44,34,us,Michigan State University,13,202.5,PF,MEM,1,117
Zaza Pachulia,73,1730,606,45.4,0,78.8,500,178,80,21,133,170,929,1.34,0.6,31,ge,NULL,11,207.5,C,MIL,1,121.5
Zoran Dragic,16,75,28,36.7,21.4,60,8,5,2,0,5,6,17,1,0.4,26,si,NULL,0,192.5,SG,PHO,0,90